categoria,total_ventas,precio_promedio
Electrónica,312.30000000000007,15.850000000000001
Ropa,346.0,13.5
Alimentos,424.50000000000006,8.080000000000002
Hogar,127.3,26.325
